id,created_at,message,blog_id,author_id
1,2026-02-02 17:05:13.154507+00,This blog is a fantastic guide to making rainbow cupcakes! The step-by-step instructions and tips for layering and decorating are incredibly helpful. I love the idea of using gel food coloring and the colorful frosting swirl. Can’t wait to try this recipe for my next party—thanks for the inspiration!,35,5087a2a3-efd2-4d78-9123-c208ef18752e
3,2026-02-02 04:04:48.973645+00,This blog beautifully captures the essence of coffee culture! I loved learning about the journey from bean to cup and the various brewing methods. The section on coffee’s health benefits was particularly insightful. Great read!,37,59b39718-62c7-45cc-952e-c78fb6feaf91
4,2026-02-03 06:41:36.45194+00,"The detailed exploration of different coffee brewing techniques was fascinating. I’m excited to try out some of the methods mentioned, like the pour-over and cold brew. The historical context added a rich layer to the blog—well done!",37,e31a9b9b-e766-45cf-9381-c575c91f1959
5,2026-02-02 06:43:10.495703+00,I appreciate how the blog highlighted the global diversity of coffee culture. It’s amazing to see how different countries enjoy their coffee in unique ways. The blend of information and personal insights made this a very engaging read.,37,e31a9b9b-e766-45cf-9381-c575c91f1959
6,2026-02-02 10:12:31.816142+00,"The blog’s focus on the science behind coffee’s stimulating effects was eye-opening. I had no idea about the extent of coffee’s potential health benefits. The writing was clear and informative, making complex topics easy to understand. Thanks for sharing!",37,
7,2026-02-05 10:13:11.499271+00,What a delightful read! I never thought about pairing coffee with cheesecake in such a thoughtful way. The tips on matching flavors and intensities were particularly helpful. I can’t wait to try a classic New York cheesecake with a robust espresso. Thanks for the inspiring ideas!,38,
8,2026-02-06 10:13:42.804041+00,This blog has me craving cheesecake and coffee right now! I loved the suggestions for incorporating coffee into the cheesecake itself and the creative pairing ideas. The emphasis on presentation was a nice touch—makes me want to set up a perfect coffee and cheesecake experience at home. Excellent post!,38,
9,2026-02-06 10:14:20.677645+00,This blog is fantastic! I love the detailed tips on creating a special drink. The suggestions for protein sources and flavor boosters are particularly useful. I can’t wait to try adding chia seeds and fresh mint to my next blend. Thanks for making healthy eating so delicious!,39,
10,2026-02-26 10:14:56.937372+00,What a comprehensive guide to drinks! The idea of tailoring drinks to specific dietary needs is really helpful. I appreciate the focus on balancing ingredients and the extra tips for customization. I’m inspired to experiment with different fruits and superfoods to enhance my drinks. Great read!,39,
11,2026-02-11 10:24:15.4485+00,I loved reading about the variety of strawberry drinks you can make! The strawberry basil mocktail sounds like a sophisticated and unique option for my next gathering. The infused water idea is a great way to enjoy a hint of fruitiness without added sugars. Great tips and recipes!,40,
12,2026-02-26 10:24:37.460432+00,This blog is a strawberry lover’s dream! I’m excited to try making strawberry lemonade with a sparkling twist. The smoothie and mocktail recipes look absolutely delicious and perfect for any occasion. Thanks for sharing these refreshing ideas—I can’t wait to experiment with them!,40,
13,2026-02-26 10:25:03.396138+00,What a thorough guide to making the perfect chocolate cupcake! The step-by-step instructions and baking tips are incredibly helpful. I love the idea of experimenting with different frostings and decorations. Can’t wait to put these ideas into action!,41,
14,2026-02-22 10:25:24.976881+00,The chocolate cupcake recipes look divine! I’m particularly intrigued by the suggestion of adding espresso powder to enhance the chocolate flavor. The decorating tips are also fantastic—definitely going to try out some of the piping techniques for a special occasion.,41,
15,2026-02-16 10:25:46.797367+00,What a thorough guide to making the perfect chocolate cupcake! The step-by-step instructions and baking tips are incredibly helpful. I love the idea of experimenting with different frostings and decorations. Can’t wait to put these ideas into action!,41,
16,2026-02-25 10:26:05.924688+00,This blog makes baking chocolate cupcakes seem so approachable and fun! I especially appreciate the tips on achieving a moist texture and the advice on filling and frosting options. I’m excited to try adding chocolate ganache as a filling—sounds delicious!,41,
17,2026-02-20 10:26:36.201091+00,This blog makes making strawberry cake sound so simple and fun! The detailed instructions for the batter and frosting are really helpful. I’m especially excited to try the cream cheese frosting with strawberry puree—sounds delicious!,42,
18,2026-02-21 10:26:54.95381+00,"Wow, the tips for baking and decorating a strawberry cake are fantastic. I love the idea of using fresh strawberries as a garnish and the suggestion for adding a layer of strawberry jam. Definitely inspired to bake one for my next family gathering!",42,
19,2026-02-22 10:27:12.872773+00,This post has me craving strawberry cake! The step-by-step guide for preparing the batter and frosting is perfect. I also appreciate the variations and serving suggestions—you’ve given me so many ideas for making this cake extra special.,42,
20,2026-02-22 10:27:27.527861+00,The combination of cream cheese frosting and strawberry puree sounds heavenly. I can’t wait to try this recipe and impress my friends with a beautifully decorated strawberry cake. Thanks for sharing such a detailed and delicious guide!,42,
21,2026-02-23 10:27:43.823831+00,I love how you’ve explained the baking process and the importance of cooling the cakes properly. The decoration tips are also great—I’m looking forward to trying out the piping techniques and adding fresh strawberry slices. Great job!,42,
22,2026-02-26 10:27:57.201516+00,"This blog is a great resource for anyone looking to bake a strawberry cake. The recipe is clear, and the suggestions for different frostings and fillings make it easy to customize. I’m definitely going to give this a try!",42,
23,2026-02-26 10:28:11.283106+00,The strawberry cake looks absolutely scrumptious! I appreciate the emphasis on using high-quality ingredients and the tips for avoiding a dense cake. The ideas for serving with vanilla ice cream or whipped cream are perfect for an extra touch of indulgence.,42,
24,2026-02-23 10:28:38.373098+00,This blog has given me so many delicious ideas for almond desserts! I’m particularly excited to try the almond croissants and the almond pudding. The recipes seem straightforward and the tips are really helpful. Thanks for sharing such great ideas!,43,
25,2026-02-24 10:28:56.812798+00,I love how the blog covers a range of almond desserts from cakes to pastries to puddings. The classic almond cake recipe sounds perfect for my next gathering. I also appreciate the creative variations like almond brittle and truffles—definitely going to try those!,43,
26,2026-02-25 10:29:27.105956+00,"The almond dessert ideas are fantastic! I’m especially intrigued by the almond financiers and the light, creamy almond pudding. The detailed instructions and variety of options make it easy to find something for any occasion. Can’t wait to bake and enjoy these treats!",43,
27,2026-02-26 10:29:48.228557+00,"This blog is a fantastic guide for creating the perfect party cake! I love the detailed tips on choosing flavors, baking, and decorating. The suggestions for personalizing the cake and adding finishing touches are especially helpful. Can’t wait to put these ideas into action for my next event!",44,
